﻿kecerdasan,daya_tangkap,logika_berpikir,analisa,fleksibilitas_berpikir,kecerdasan_verbal,pengolahan_data_angka,pemecahan_masalah,produktivitas_kerja,motivasi_kerja,perencanaan,pengendalian,daya_tahan_kerja,konsentrasi,inisiatif,stabilitas_emosi,kerja_sama,penyesuaian_diri,metode_belajar
baik,baik,baik,baik,baik,baik,kurang,baik,kurang,kurang,kurang,kurang,kurang,kurang,kurang,kurang,baik,baik,Diskusi
kurang,kurang,kurang,kurang,kurang,kurang,kurang,kurang,baik,baik,baik,baik,baik,baik,baik,baik,baik,baik,Diskusi
kurang,kurang,kurang,kurang,baik,kurang,kurang,kurang,kurang,kurang,kurang,kurang,kurang,kurang,kurang,baik,baik,baik,Diskusi
baik,baik,baik,baik,baik,baik,baik,baik,kurang,kurang,kurang,kurang,kurang,kurang,kurang,baik,baik,baik,Mandiri
kurang,kurang,kurang,kurang,kurang,kurang,kurang,kurang,kurang,kurang,kurang,kurang,kurang,kurang,kurang,kurang,baik,kurang,Diskusi
kurang,kurang,kurang,kurang,kurang,kurang,kurang,kurang,kurang,kurang,kurang,kurang,kurang,kurang,kurang,kurang,baik,kurang,Diskusi
kurang,kurang,kurang,kurang,kurang,kurang,kurang,kurang,kurang,kurang,kurang,kurang,kurang,kurang,kurang,kurang,baik,kurang,Diskusi
kurang,kurang,kurang,kurang,kurang,kurang,kurang,kurang,kurang,kurang,kurang,baik,kurang,kurang,baik,kurang,kurang,kurang,Diskusi
kurang,kurang,kurang,kurang,baik,kurang,kurang,kurang,baik,baik,kurang,baik,kurang,baik,baik,kurang,baik,baik,Diskusi
baik,baik,baik,kurang,baik,baik,baik,baik,baik,baik,kurang,baik,kurang,kurang,baik,kurang,baik,kurang,Diskusi
kurang,kurang,kurang,kurang,baik,baik,kurang,kurang,baik,baik,kurang,kurang,kurang,kurang,baik,baik,baik,kurang,Diskusi
kurang,baik,kurang,kurang,kurang,kurang,kurang,kurang,kurang,kurang,kurang,kurang,kurang,kurang,kurang,kurang,kurang,kurang,Mandiri
kurang,kurang,kurang,kurang,kurang,kurang,kurang,kurang,kurang,kurang,kurang,kurang,kurang,kurang,kurang,kurang,kurang,kurang,Mandiri
kurang,kurang,kurang,kurang,kurang,kurang,kurang,kurang,baik,baik,baik,baik,baik,baik,baik,baik,baik,kurang,Diskusi
kurang,kurang,kurang,kurang,kurang,kurang,kurang,kurang,baik,baik,kurang,baik,baik,kurang,kurang,baik,baik,kurang,Diskusi
baik,baik,baik,baik,baik,baik,baik,baik,baik,baik,baik,baik,baik,baik,baik,baik,kurang,baik,Mandiri
kurang,kurang,kurang,kurang,kurang,kurang,kurang,kurang,baik,baik,baik,baik,baik,kurang,kurang,kurang,kurang,kurang,Diskusi
baik,baik,baik,baik,baik,baik,baik,baik,baik,baik,baik,baik,baik,baik,baik,kurang,baik,baik,Diskusi
baik,kurang,baik,baik,kurang,baik,baik,baik,kurang,baik,kurang,baik,baik,kurang,kurang,baik,baik,baik,Mandiri
baik,baik,baik,baik,kurang,baik,kurang,baik,baik,baik,baik,baik,baik,baik,baik,kurang,baik,kurang,Diskusi
baik,baik,baik,baik,baik,baik,baik,baik,baik,baik,baik,baik,baik,baik,baik,baik,baik,baik,Diskusi
baik,baik,baik,baik,baik,baik,baik,baik,baik,baik,kurang,baik,baik,baik,baik,kurang,baik,kurang,Diskusi
baik,baik,baik,baik,baik,baik,baik,baik,baik,baik,baik,baik,baik,baik,baik,baik,baik,baik,Diskusi
baik,baik,baik,baik,baik,kurang,kurang,kurang,kurang,kurang,kurang,kurang,kurang,kurang,kurang,kurang,baik,baik,Mandiri
kurang,kurang,kurang,kurang,kurang,kurang,kurang,kurang,baik,baik,baik,baik,baik,baik,baik,kurang,baik,baik,Diskusi
baik,baik,kurang,kurang,kurang,kurang,baik,kurang,kurang,kurang,kurang,kurang,kurang,kurang,kurang,kurang,kurang,kurang,Mandiri
kurang,kurang,kurang,kurang,kurang,kurang,kurang,kurang,baik,baik,baik,baik,baik,baik,baik,kurang,kurang,kurang,Diskusi
baik,kurang,baik,baik,baik,kurang,kurang,baik,kurang,kurang,kurang,kurang,kurang,kurang,kurang,baik,baik,baik,Mandiri
baik,baik,baik,baik,baik,baik,baik,baik,baik,baik,baik,baik,baik,baik,baik,baik,baik,baik,Diskusi
kurang,kurang,kurang,kurang,kurang,kurang,kurang,kurang,baik,baik,baik,baik,baik,baik,baik,kurang,kurang,kurang,Diskusi
baik,baik,baik,baik,kurang,baik,baik,baik,baik,baik,baik,baik,baik,baik,baik,kurang,kurang,kurang,Mandiri
kurang,baik,kurang,kurang,kurang,kurang,baik,kurang,baik,baik,baik,baik,baik,baik,kurang,kurang,kurang,kurang,Diskusi
baik,baik,baik,baik,baik,baik,baik,baik,baik,baik,baik,baik,baik,baik,baik,baik,baik,baik,Diskusi
baik,baik,baik,baik,baik,baik,kurang,baik,kurang,kurang,kurang,kurang,kurang,kurang,kurang,kurang,kurang,kurang,Mandiri
baik,baik,baik,baik,baik,kurang,baik,baik,baik,baik,baik,baik,baik,baik,baik,baik,baik,baik,Mandiri
kurang,kurang,kurang,kurang,kurang,kurang,kurang,kurang,baik,baik,baik,baik,baik,baik,baik,kurang,kurang,kurang,Diskusi
kurang,kurang,kurang,kurang,kurang,kurang,kurang,kurang,baik,baik,baik,baik,baik,baik,baik,kurang,kurang,kurang,Diskusi
kurang,baik,kurang,kurang,kurang,kurang,kurang,kurang,baik,baik,baik,baik,baik,baik,baik,kurang,kurang,kurang,Diskusi
kurang,kurang,kurang,kurang,kurang,baik,baik,kurang,baik,baik,baik,baik,baik,baik,baik,kurang,baik,baik,Diskusi
kurang,kurang,kurang,kurang,kurang,kurang,kurang,kurang,kurang,kurang,kurang,kurang,kurang,kurang,kurang,kurang,kurang,kurang,Mandiri
kurang,kurang,kurang,kurang,baik,baik,kurang,kurang,baik,kurang,kurang,baik,baik,baik,baik,kurang,kurang,kurang,Diskusi
kurang,baik,baik,kurang,kurang,baik,kurang,kurang,baik,baik,baik,baik,baik,baik,baik,kurang,kurang,kurang,Diskusi
kurang,kurang,kurang,kurang,kurang,kurang,baik,kurang,baik,baik,baik,baik,baik,baik,baik,kurang,kurang,kurang,Diskusi
baik,baik,baik,baik,baik,kurang,baik,baik,baik,baik,kurang,baik,kurang,baik,baik,kurang,baik,kurang,Mandiri
kurang,kurang,kurang,kurang,kurang,kurang,kurang,kurang,baik,baik,baik,baik,baik,baik,baik,baik,baik,baik,Diskusi
baik,baik,baik,baik,baik,baik,baik,baik,baik,baik,baik,baik,baik,baik,baik,baik,baik,baik,Diskusi
baik,kurang,kurang,kurang,baik,kurang,baik,baik,kurang,kurang,kurang,baik,kurang,kurang,baik,baik,baik,baik,Mandiri
baik,baik,baik,baik,baik,kurang,baik,baik,baik,baik,baik,baik,baik,baik,baik,kurang,kurang,kurang,Mandiri
baik,baik,baik,baik,baik,baik,baik,baik,baik,baik,baik,kurang,baik,baik,baik,baik,baik,baik,Mandiri
baik,baik,baik,baik,baik,kurang,baik,baik,baik,baik,baik,baik,baik,kurang,baik,baik,baik,baik,Mandiri
baik,baik,baik,baik,baik,baik,baik,baik,baik,baik,baik,baik,baik,baik,baik,baik,baik,baik,Diskusi
baik,baik,baik,baik,baik,kurang,baik,baik,kurang,kurang,kurang,kurang,kurang,kurang,kurang,kurang,kurang,kurang,Mandiri
baik,kurang,kurang,kurang,baik,kurang,kurang,kurang,kurang,kurang,kurang,kurang,kurang,kurang,kurang,baik,baik,kurang,Mandiri
kurang,kurang,kurang,kurang,kurang,kurang,kurang,kurang,kurang,kurang,kurang,kurang,kurang,kurang,kurang,kurang,kurang,kurang,Mandiri
kurang,kurang,kurang,kurang,kurang,kurang,kurang,kurang,kurang,kurang,kurang,kurang,kurang,kurang,kurang,kurang,kurang,kurang,Mandiri
baik,baik,baik,kurang,kurang,kurang,baik,baik,baik,baik,kurang,baik,baik,kurang,kurang,baik,baik,kurang,Mandiri
baik,baik,kurang,kurang,baik,baik,baik,baik,baik,baik,baik,baik,baik,baik,kurang,baik,baik,baik,Diskusi
baik,kurang,baik,kurang,baik,baik,kurang,baik,baik,baik,baik,baik,baik,baik,baik,baik,baik,baik,Diskusi
kurang,kurang,kurang,kurang,kurang,kurang,kurang,kurang,kurang,kurang,kurang,kurang,kurang,kurang,kurang,kurang,baik,kurang,Diskusi
kurang,kurang,kurang,kurang,kurang,kurang,kurang,kurang,kurang,kurang,kurang,kurang,kurang,kurang,kurang,kurang,kurang,kurang,Mandiri
kurang,kurang,kurang,kurang,kurang,kurang,kurang,kurang,baik,baik,kurang,baik,kurang,kurang,baik,baik,kurang,baik,Diskusi
baik,baik,baik,baik,baik,baik,baik,baik,baik,baik,kurang,baik,kurang,baik,baik,kurang,baik,kurang,Diskusi
baik,baik,baik,baik,baik,baik,baik,baik,kurang,kurang,kurang,kurang,kurang,kurang,kurang,baik,baik,baik,Mandiri
baik,baik,baik,baik,baik,baik,baik,baik,baik,baik,baik,baik,baik,baik,baik,baik,baik,kurang,Mandiri
baik,baik,baik,baik,baik,baik,baik,baik,baik,baik,baik,baik,baik,baik,baik,baik,baik,baik,Diskusi
baik,kurang,baik,kurang,baik,kurang,baik,baik,baik,baik,kurang,kurang,baik,baik,baik,kurang,kurang,kurang,Mandiri
kurang,kurang,kurang,kurang,kurang,kurang,kurang,kurang,baik,baik,baik,baik,baik,baik,kurang,kurang,baik,baik,Diskusi
baik,kurang,baik,baik,baik,baik,baik,baik,baik,baik,baik,baik,baik,baik,baik,kurang,kurang,kurang,Mandiri
kurang,kurang,kurang,kurang,kurang,kurang,kurang,kurang,baik,baik,baik,kurang,kurang,baik,baik,kurang,baik,kurang,Diskusi
baik,baik,baik,baik,kurang,baik,kurang,baik,baik,baik,baik,baik,baik,baik,baik,baik,baik,baik,Diskusi
kurang,kurang,kurang,kurang,kurang,kurang,kurang,kurang,kurang,kurang,kurang,kurang,kurang,kurang,kurang,kurang,kurang,kurang,Mandiri
kurang,kurang,kurang,kurang,kurang,kurang,kurang,kurang,kurang,kurang,kurang,kurang,kurang,kurang,kurang,kurang,kurang,kurang,Mandiri
baik,kurang,baik,baik,baik,kurang,baik,baik,kurang,kurang,kurang,kurang,kurang,kurang,kurang,kurang,kurang,kurang,Mandiri
baik,baik,baik,kurang,baik,kurang,baik,baik,baik,baik,kurang,baik,kurang,kurang,baik,kurang,baik,kurang,Mandiri
baik,baik,baik,baik,baik,baik,baik,baik,kurang,kurang,kurang,baik,kurang,kurang,kurang,kurang,kurang,kurang,Mandiri
baik,baik,baik,baik,baik,baik,baik,baik,baik,baik,baik,baik,baik,baik,baik,kurang,kurang,kurang,Mandiri
kurang,kurang,kurang,kurang,kurang,kurang,kurang,kurang,baik,baik,baik,baik,baik,baik,baik,kurang,kurang,kurang,Diskusi
baik,baik,baik,baik,baik,baik,baik,baik,kurang,kurang,kurang,kurang,kurang,kurang,kurang,kurang,kurang,kurang,Mandiri
kurang,kurang,kurang,kurang,kurang,kurang,kurang,kurang,baik,baik,baik,baik,baik,baik,baik,baik,baik,baik,Diskusi
kurang,baik,baik,kurang,baik,baik,baik,baik,baik,baik,baik,baik,baik,baik,baik,baik,baik,kurang,Diskusi
baik,baik,baik,baik,baik,baik,baik,baik,baik,baik,kurang,baik,baik,baik,baik,kurang,kurang,kurang,Mandiri
baik,baik,baik,baik,baik,kurang,baik,baik,kurang,baik,kurang,kurang,baik,baik,kurang,kurang,baik,kurang,Mandiri
kurang,kurang,kurang,kurang,kurang,kurang,kurang,kurang,kurang,kurang,kurang,kurang,kurang,kurang,kurang,kurang,kurang,kurang,Mandiri
kurang,kurang,kurang,kurang,kurang,kurang,kurang,kurang,baik,baik,baik,baik,kurang,kurang,baik,kurang,baik,baik,Diskusi
baik,baik,baik,baik,baik,baik,baik,baik,baik,baik,baik,baik,baik,baik,baik,baik,baik,baik,Diskusi
kurang,kurang,kurang,kurang,kurang,baik,baik,kurang,baik,baik,baik,baik,baik,baik,baik,kurang,baik,kurang,Diskusi
baik,baik,baik,baik,baik,baik,baik,baik,baik,baik,baik,baik,baik,baik,baik,baik,baik,baik,Diskusi
kurang,baik,baik,kurang,kurang,baik,baik,kurang,kurang,kurang,kurang,kurang,kurang,kurang,kurang,baik,baik,baik,Diskusi
kurang,kurang,kurang,kurang,kurang,kurang,kurang,kurang,baik,baik,baik,baik,baik,baik,baik,baik,baik,baik,Diskusi
baik,baik,baik,baik,kurang,kurang,kurang,baik,baik,baik,kurang,kurang,kurang,kurang,baik,kurang,kurang,kurang,Mandiri
baik,baik,baik,baik,baik,baik,baik,baik,baik,baik,baik,baik,baik,baik,baik,kurang,kurang,kurang,Mandiri
baik,baik,baik,baik,baik,baik,baik,baik,baik,baik,kurang,baik,baik,baik,baik,kurang,kurang,kurang,Mandiri
baik,baik,baik,baik,baik,kurang,kurang,baik,kurang,kurang,kurang,kurang,kurang,kurang,kurang,kurang,kurang,kurang,Mandiri
kurang,kurang,kurang,kurang,kurang,kurang,kurang,kurang,kurang,kurang,kurang,kurang,kurang,kurang,kurang,kurang,kurang,kurang,Mandiri
kurang,kurang,kurang,kurang,kurang,kurang,kurang,kurang,kurang,kurang,kurang,kurang,kurang,kurang,kurang,kurang,baik,kurang,Diskusi
kurang,kurang,kurang,kurang,kurang,kurang,kurang,kurang,kurang,kurang,kurang,kurang,kurang,kurang,kurang,kurang,kurang,kurang,Mandiri
baik,baik,baik,baik,baik,baik,baik,baik,baik,baik,baik,baik,baik,baik,baik,baik,baik,baik,Diskusi
baik,baik,kurang,kurang,kurang,kurang,baik,kurang,kurang,kurang,kurang,kurang,kurang,kurang,kurang,kurang,kurang,kurang,Mandiri
kurang,kurang,kurang,kurang,kurang,baik,kurang,kurang,baik,baik,baik,baik,baik,baik,baik,kurang,kurang,kurang,Diskusi
kurang,kurang,kurang,kurang,kurang,baik,baik,kurang,baik,baik,baik,baik,baik,baik,baik,baik,baik,baik,Diskusi
baik,baik,baik,baik,baik,baik,baik,baik,baik,baik,baik,baik,baik,baik,baik,baik,baik,baik,Diskusi
baik,baik,baik,baik,baik,baik,baik,baik,baik,baik,baik,baik,baik,baik,baik,kurang,kurang,kurang,Mandiri
kurang,kurang,kurang,kurang,kurang,kurang,kurang,kurang,kurang,kurang,kurang,kurang,kurang,kurang,kurang,kurang,kurang,kurang,Mandiri
kurang,baik,kurang,kurang,baik,baik,kurang,kurang,kurang,kurang,kurang,kurang,kurang,kurang,kurang,kurang,baik,kurang,Diskusi
kurang,kurang,kurang,kurang,kurang,kurang,kurang,kurang,kurang,kurang,kurang,kurang,kurang,kurang,kurang,kurang,kurang,kurang,Mandiri
baik,baik,baik,baik,baik,baik,kurang,baik,baik,baik,baik,baik,baik,baik,baik,kurang,kurang,kurang,Diskusi
kurang,baik,kurang,kurang,kurang,baik,kurang,kurang,baik,baik,kurang,baik,baik,kurang,baik,baik,baik,kurang,Diskusi
baik,baik,baik,baik,baik,baik,baik,baik,baik,baik,kurang,kurang,baik,kurang,baik,baik,baik,baik,Mandiri
kurang,baik,kurang,kurang,kurang,kurang,kurang,kurang,baik,baik,baik,baik,baik,baik,baik,baik,baik,kurang,Diskusi
kurang,kurang,kurang,kurang,kurang,kurang,kurang,kurang,baik,baik,baik,kurang,baik,kurang,baik,baik,baik,baik,Diskusi
kurang,kurang,kurang,kurang,kurang,kurang,kurang,kurang,baik,baik,baik,baik,baik,baik,baik,kurang,kurang,kurang,Diskusi
kurang,kurang,kurang,kurang,kurang,kurang,kurang,kurang,baik,baik,baik,baik,baik,baik,baik,kurang,kurang,kurang,Diskusi
kurang,kurang,kurang,kurang,kurang,kurang,kurang,kurang,baik,baik,baik,baik,baik,kurang,kurang,baik,baik,baik,Diskusi
kurang,kurang,kurang,kurang,kurang,baik,kurang,kurang,kurang,kurang,kurang,kurang,kurang,kurang,kurang,kurang,kurang,kurang,Diskusi
kurang,kurang,kurang,kurang,kurang,kurang,kurang,kurang,kurang,kurang,kurang,kurang,kurang,kurang,kurang,kurang,kurang,kurang,Mandiri
kurang,baik,kurang,kurang,kurang,baik,kurang,kurang,kurang,kurang,kurang,kurang,kurang,kurang,kurang,kurang,baik,baik,Diskusi
kurang,kurang,kurang,kurang,kurang,kurang,kurang,kurang,kurang,kurang,kurang,kurang,kurang,kurang,kurang,kurang,kurang,kurang,Mandiri
kurang,kurang,kurang,kurang,kurang,kurang,kurang,kurang,kurang,baik,kurang,kurang,kurang,kurang,baik,kurang,kurang,kurang,Mandiri
kurang,kurang,kurang,kurang,kurang,kurang,kurang,kurang,baik,baik,baik,baik,baik,baik,baik,kurang,kurang,kurang,Diskusi
kurang,kurang,kurang,kurang,baik,kurang,kurang,kurang,baik,baik,baik,baik,kurang,baik,baik,kurang,baik,kurang,Diskusi
kurang,kurang,kurang,kurang,kurang,kurang,baik,kurang,kurang,kurang,kurang,kurang,kurang,kurang,baik,kurang,baik,kurang,Mandiri
baik,baik,baik,baik,baik,baik,kurang,baik,kurang,kurang,kurang,kurang,baik,kurang,kurang,kurang,kurang,kurang,Mandiri
kurang,kurang,kurang,kurang,kurang,baik,kurang,kurang,baik,baik,baik,baik,baik,baik,baik,baik,baik,baik,Diskusi
baik,baik,baik,baik,baik,baik,baik,baik,baik,baik,kurang,baik,kurang,baik,baik,baik,baik,baik,Diskusi
kurang,kurang,kurang,kurang,kurang,kurang,kurang,kurang,baik,baik,baik,baik,baik,baik,baik,kurang,kurang,kurang,Diskusi
baik,kurang,baik,baik,baik,baik,baik,baik,baik,baik,baik,baik,baik,baik,baik,baik,baik,baik,Diskusi
baik,kurang,baik,baik,baik,kurang,baik,baik,baik,baik,baik,baik,baik,baik,baik,kurang,baik,kurang,Mandiri
baik,baik,baik,baik,baik,baik,baik,baik,baik,baik,kurang,baik,baik,kurang,baik,baik,baik,baik,Mandiri
kurang,kurang,kurang,kurang,kurang,kurang,kurang,kurang,kurang,baik,kurang,baik,kurang,kurang,kurang,kurang,baik,kurang,Diskusi
kurang,kurang,kurang,kurang,kurang,kurang,kurang,kurang,baik,baik,baik,baik,baik,baik,baik,kurang,baik,baik,Diskusi
kurang,kurang,kurang,kurang,kurang,kurang,kurang,kurang,baik,baik,baik,baik,baik,baik,baik,baik,baik,baik,Diskusi
baik,baik,baik,baik,kurang,kurang,baik,baik,baik,baik,baik,baik,baik,baik,baik,baik,baik,baik,Mandiri
baik,baik,baik,baik,kurang,baik,kurang,baik,kurang,kurang,kurang,kurang,kurang,kurang,kurang,kurang,kurang,kurang,Mandiri
baik,baik,baik,baik,baik,kurang,baik,baik,kurang,kurang,kurang,kurang,kurang,kurang,kurang,kurang,kurang,kurang,Mandiri
kurang,kurang,kurang,kurang,kurang,kurang,kurang,kurang,kurang,kurang,kurang,kurang,kurang,kurang,kurang,kurang,kurang,kurang,Mandiri
kurang,kurang,kurang,kurang,kurang,kurang,kurang,kurang,baik,baik,baik,baik,baik,baik,baik,kurang,baik,baik,Diskusi
baik,baik,baik,baik,baik,baik,baik,baik,baik,baik,baik,baik,baik,baik,baik,kurang,baik,baik,Diskusi
baik,kurang,baik,kurang,kurang,kurang,baik,kurang,baik,baik,baik,baik,baik,baik,baik,baik,baik,baik,Diskusi
kurang,kurang,kurang,kurang,kurang,kurang,kurang,kurang,baik,baik,kurang,baik,baik,baik,baik,kurang,baik,kurang,Diskusi
baik,baik,baik,baik,baik,kurang,baik,baik,kurang,kurang,kurang,kurang,kurang,kurang,kurang,kurang,baik,baik,Mandiri
kurang,baik,kurang,kurang,kurang,kurang,kurang,kurang,baik,baik,kurang,baik,baik,baik,baik,kurang,baik,kurang,Diskusi
baik,baik,baik,baik,baik,baik,baik,baik,kurang,kurang,kurang,kurang,baik,baik,baik,baik,baik,kurang,Mandiri
baik,baik,baik,baik,kurang,baik,baik,baik,baik,kurang,kurang,baik,kurang,kurang,kurang,kurang,baik,kurang,Diskusi
kurang,kurang,kurang,kurang,kurang,kurang,baik,baik,baik,baik,kurang,baik,baik,baik,baik,baik,baik,baik,Diskusi
baik,baik,baik,baik,baik,baik,baik,baik,kurang,kurang,kurang,kurang,kurang,kurang,kurang,baik,baik,baik,Mandiri
baik,baik,baik,baik,baik,kurang,baik,baik,baik,baik,kurang,kurang,kurang,baik,baik,baik,baik,baik,Mandiri
kurang,kurang,kurang,kurang,kurang,kurang,kurang,kurang,baik,baik,baik,baik,baik,baik,baik,baik,baik,baik,Diskusi
baik,baik,baik,baik,kurang,kurang,baik,baik,baik,baik,baik,baik,baik,baik,baik,kurang,kurang,kurang,Mandiri
kurang,kurang,kurang,kurang,kurang,kurang,kurang,kurang,baik,kurang,kurang,kurang,baik,kurang,baik,kurang,baik,baik,Diskusi
kurang,kurang,kurang,kurang,kurang,kurang,kurang,kurang,baik,baik,baik,baik,baik,baik,baik,kurang,baik,baik,Diskusi
kurang,kurang,kurang,kurang,kurang,kurang,kurang,kurang,baik,baik,baik,baik,baik,baik,baik,baik,baik,baik,Diskusi
kurang,kurang,kurang,kurang,baik,kurang,baik,kurang,baik,baik,baik,baik,baik,baik,baik,baik,baik,kurang,Diskusi
kurang,kurang,kurang,kurang,kurang,kurang,kurang,kurang,baik,baik,kurang,baik,kurang,kurang,kurang,kurang,baik,kurang,Diskusi
baik,baik,baik,baik,baik,baik,baik,baik,baik,baik,baik,baik,baik,baik,baik,kurang,baik,baik,Diskusi
baik,baik,baik,kurang,kurang,kurang,baik,baik,baik,baik,kurang,baik,baik,baik,baik,baik,baik,baik,Diskusi
kurang,kurang,kurang,kurang,kurang,kurang,kurang,kurang,baik,baik,kurang,kurang,kurang,baik,kurang,baik,baik,baik,Diskusi
kurang,kurang,kurang,kurang,kurang,kurang,kurang,kurang,kurang,kurang,kurang,kurang,kurang,kurang,kurang,kurang,kurang,kurang,Mandiri
kurang,kurang,kurang,kurang,kurang,kurang,kurang,kurang,baik,baik,baik,baik,baik,baik,baik,kurang,kurang,kurang,Diskusi
baik,baik,baik,baik,baik,baik,baik,baik,baik,baik,baik,baik,baik,baik,baik,baik,baik,kurang,Mandiri
baik,baik,baik,baik,baik,baik,baik,baik,baik,baik,baik,baik,baik,baik,baik,kurang,baik,baik,Diskusi
baik,kurang,kurang,kurang,baik,kurang,baik,baik,baik,baik,kurang,kurang,baik,baik,kurang,baik,baik,kurang,Diskusi
kurang,kurang,kurang,kurang,kurang,kurang,kurang,kurang,kurang,kurang,kurang,kurang,kurang,kurang,kurang,kurang,kurang,kurang,Mandiri
baik,baik,baik,baik,baik,baik,baik,baik,baik,baik,kurang,baik,baik,baik,baik,kurang,baik,kurang,Diskusi
baik,kurang,baik,kurang,kurang,kurang,kurang,kurang,kurang,kurang,kurang,kurang,kurang,kurang,kurang,kurang,kurang,kurang,Mandiri
baik,baik,baik,baik,baik,baik,baik,baik,baik,baik,baik,baik,baik,baik,baik,kurang,baik,kurang,Diskusi
baik,baik,baik,baik,baik,baik,baik,baik,kurang,baik,kurang,baik,kurang,kurang,kurang,baik,baik,baik,Mandiri
baik,baik,baik,baik,baik,baik,baik,baik,baik,baik,baik,baik,baik,baik,baik,baik,baik,baik,Diskusi
kurang,kurang,kurang,kurang,kurang,kurang,kurang,kurang,kurang,kurang,kurang,kurang,kurang,kurang,kurang,kurang,kurang,kurang,Mandiri
baik,baik,baik,baik,baik,baik,kurang,baik,kurang,kurang,kurang,kurang,kurang,kurang,kurang,baik,baik,baik,Mandiri
kurang,kurang,kurang,kurang,kurang,kurang,kurang,kurang,kurang,kurang,kurang,kurang,kurang,kurang,kurang,kurang,kurang,kurang,Mandiri
kurang,kurang,kurang,kurang,kurang,kurang,kurang,kurang,baik,baik,baik,baik,baik,baik,baik,baik,baik,baik,Diskusi
kurang,kurang,kurang,kurang,kurang,kurang,kurang,kurang,kurang,kurang,kurang,kurang,kurang,kurang,kurang,kurang,kurang,kurang,Mandiri
kurang,baik,kurang,kurang,kurang,kurang,kurang,kurang,kurang,kurang,kurang,baik,baik,kurang,kurang,kurang,baik,baik,Diskusi
kurang,kurang,kurang,kurang,kurang,kurang,kurang,kurang,kurang,kurang,kurang,kurang,kurang,kurang,kurang,kurang,baik,baik,Diskusi
kurang,kurang,kurang,kurang,kurang,kurang,kurang,kurang,kurang,kurang,kurang,kurang,kurang,kurang,kurang,baik,baik,baik,Diskusi
baik,baik,baik,baik,kurang,baik,kurang,baik,baik,baik,baik,baik,baik,baik,baik,kurang,kurang,kurang,Diskusi
kurang,kurang,kurang,kurang,kurang,kurang,kurang,kurang,kurang,kurang,kurang,kurang,kurang,kurang,kurang,kurang,baik,baik,Diskusi
kurang,kurang,kurang,kurang,kurang,kurang,kurang,kurang,kurang,kurang,kurang,kurang,kurang,kurang,kurang,kurang,kurang,kurang,Mandiri
kurang,kurang,kurang,kurang,kurang,kurang,kurang,kurang,kurang,kurang,kurang,kurang,kurang,kurang,kurang,kurang,kurang,kurang,Mandiri
baik,kurang,baik,baik,kurang,baik,baik,baik,baik,kurang,kurang,kurang,kurang,baik,kurang,kurang,kurang,kurang,Mandiri
kurang,kurang,kurang,kurang,kurang,kurang,kurang,kurang,kurang,kurang,kurang,kurang,kurang,kurang,kurang,kurang,kurang,kurang,Mandiri
kurang,kurang,kurang,kurang,kurang,baik,kurang,kurang,kurang,baik,kurang,baik,baik,kurang,kurang,kurang,kurang,kurang,Diskusi
kurang,kurang,kurang,kurang,kurang,kurang,kurang,kurang,baik,kurang,kurang,kurang,baik,baik,baik,baik,baik,kurang,Diskusi
baik,baik,baik,baik,baik,baik,baik,baik,kurang,baik,kurang,kurang,baik,baik,kurang,kurang,kurang,kurang,Mandiri
baik,baik,baik,kurang,baik,kurang,baik,baik,baik,baik,baik,baik,baik,baik,baik,kurang,baik,baik,Diskusi
baik,baik,baik,baik,baik,baik,kurang,baik,kurang,kurang,kurang,kurang,kurang,kurang,kurang,kurang,kurang,kurang,Mandiri
baik,baik,baik,baik,baik,baik,baik,baik,kurang,kurang,kurang,kurang,kurang,kurang,kurang,baik,baik,kurang,Mandiri
baik,baik,baik,baik,baik,baik,baik,baik,baik,baik,baik,baik,baik,baik,baik,kurang,baik,baik,Diskusi
baik,baik,baik,baik,baik,baik,baik,baik,baik,baik,baik,baik,baik,baik,baik,kurang,kurang,kurang,Mandiri
baik,baik,baik,baik,kurang,baik,baik,baik,kurang,baik,kurang,baik,baik,kurang,kurang,baik,baik,baik,Mandiri
baik,baik,baik,baik,baik,baik,baik,baik,kurang,kurang,kurang,kurang,kurang,kurang,kurang,kurang,kurang,kurang,Mandiri
kurang,kurang,kurang,kurang,kurang,kurang,kurang,kurang,kurang,baik,kurang,kurang,baik,kurang,kurang,kurang,baik,kurang,Mandiri
baik,baik,kurang,kurang,baik,kurang,kurang,baik,baik,baik,kurang,baik,baik,kurang,baik,kurang,baik,baik,Diskusi
baik,baik,kurang,kurang,kurang,kurang,baik,baik,baik,baik,baik,baik,baik,baik,baik,kurang,baik,baik,Diskusi
baik,kurang,kurang,baik,baik,kurang,kurang,baik,baik,baik,baik,baik,baik,baik,baik,kurang,kurang,kurang,Mandiri
baik,baik,baik,baik,baik,baik,baik,baik,baik,baik,kurang,baik,baik,baik,baik,baik,baik,baik,Diskusi
kurang,kurang,kurang,kurang,kurang,kurang,kurang,kurang,baik,baik,baik,baik,baik,baik,baik,kurang,kurang,kurang,Diskusi
baik,kurang,baik,baik,baik,kurang,baik,baik,baik,baik,baik,baik,baik,baik,baik,baik,baik,baik,Mandiri
kurang,kurang,kurang,kurang,kurang,kurang,kurang,kurang,baik,baik,baik,baik,baik,baik,baik,kurang,baik,kurang,Diskusi
kurang,kurang,kurang,kurang,kurang,kurang,kurang,kurang,baik,baik,baik,baik,baik,baik,baik,kurang,kurang,kurang,Diskusi
kurang,kurang,kurang,kurang,kurang,baik,kurang,kurang,kurang,kurang,kurang,kurang,kurang,kurang,kurang,kurang,kurang,kurang,Diskusi
kurang,kurang,kurang,kurang,kurang,kurang,kurang,kurang,baik,baik,kurang,kurang,baik,kurang,baik,kurang,kurang,kurang,Mandiri
kurang,kurang,kurang,kurang,kurang,kurang,kurang,kurang,baik,baik,baik,baik,baik,baik,baik,kurang,baik,kurang,Diskusi
kurang,kurang,kurang,kurang,kurang,kurang,kurang,kurang,baik,baik,baik,baik,baik,baik,baik,kurang,kurang,kurang,Diskusi
kurang,kurang,kurang,kurang,kurang,kurang,kurang,kurang,baik,baik,baik,baik,baik,baik,baik,kurang,kurang,kurang,Diskusi
kurang,kurang,kurang,kurang,kurang,kurang,kurang,kurang,baik,baik,baik,baik,baik,baik,baik,kurang,baik,baik,Diskusi
baik,baik,baik,baik,baik,baik,baik,baik,baik,baik,baik,baik,baik,baik,baik,kurang,baik,kurang,Diskusi
baik,baik,baik,baik,kurang,baik,baik,baik,baik,baik,baik,baik,baik,baik,baik,kurang,baik,kurang,Diskusi
baik,baik,baik,baik,baik,kurang,baik,baik,kurang,kurang,kurang,kurang,kurang,kurang,kurang,kurang,baik,baik,Mandiri
kurang,kurang,kurang,kurang,kurang,kurang,kurang,kurang,kurang,baik,kurang,baik,kurang,kurang,kurang,baik,baik,baik,Diskusi
baik,baik,baik,baik,baik,baik,baik,baik,baik,baik,kurang,baik,baik,baik,baik,kurang,baik,kurang,Diskusi
baik,kurang,baik,kurang,baik,kurang,kurang,kurang,kurang,kurang,kurang,kurang,kurang,kurang,kurang,baik,baik,baik,Mandiri
baik,kurang,baik,baik,baik,kurang,baik,baik,baik,baik,baik,baik,baik,baik,baik,kurang,baik,kurang,Diskusi
kurang,kurang,kurang,kurang,kurang,kurang,kurang,kurang,baik,baik,baik,baik,baik,baik,baik,kurang,baik,kurang,Diskusi
kurang,kurang,kurang,kurang,kurang,kurang,kurang,kurang,baik,baik,kurang,baik,baik,baik,baik,kurang,baik,kurang,Diskusi
kurang,kurang,kurang,kurang,kurang,kurang,kurang,kurang,baik,baik,baik,baik,kurang,baik,baik,kurang,kurang,kurang,Diskusi
baik,baik,baik,baik,kurang,kurang,baik,baik,baik,baik,kurang,baik,kurang,baik,baik,kurang,kurang,kurang,Mandiri
kurang,baik,kurang,kurang,kurang,kurang,kurang,kurang,kurang,kurang,kurang,kurang,kurang,kurang,kurang,kurang,baik,kurang,Mandiri
kurang,kurang,kurang,kurang,kurang,kurang,kurang,kurang,baik,baik,baik,baik,baik,baik,baik,kurang,baik,kurang,Diskusi
baik,kurang,baik,kurang,kurang,baik,kurang,baik,baik,baik,baik,baik,baik,baik,baik,kurang,kurang,kurang,Diskusi
kurang,kurang,kurang,kurang,kurang,kurang,kurang,kurang,baik,baik,kurang,baik,baik,kurang,baik,kurang,kurang,kurang,Diskusi
kurang,kurang,kurang,kurang,kurang,baik,kurang,kurang,kurang,baik,kurang,baik,baik,kurang,kurang,baik,baik,baik,Diskusi
kurang,kurang,kurang,kurang,kurang,kurang,kurang,kurang,baik,baik,baik,baik,baik,baik,baik,kurang,kurang,kurang,Diskusi
kurang,kurang,kurang,kurang,kurang,kurang,kurang,kurang,kurang,kurang,kurang,kurang,kurang,kurang,kurang,kurang,kurang,kurang,Mandiri
kurang,kurang,kurang,kurang,kurang,kurang,kurang,kurang,baik,baik,baik,baik,baik,baik,baik,baik,baik,baik,Diskusi
baik,baik,baik,baik,baik,baik,baik,baik,baik,baik,baik,baik,baik,baik,baik,baik,baik,baik,Diskusi
baik,baik,baik,baik,baik,baik,baik,baik,baik,baik,baik,baik,baik,baik,baik,baik,baik,baik,Diskusi
baik,baik,baik,baik,baik,baik,baik,baik,baik,baik,baik,baik,baik,baik,baik,kurang,baik,kurang,Diskusi
baik,baik,baik,baik,baik,baik,baik,baik,baik,baik,baik,baik,baik,baik,kurang,kurang,baik,baik,Diskusi
kurang,kurang,kurang,kurang,kurang,kurang,kurang,kurang,baik,baik,baik,baik,baik,baik,baik,kurang,baik,kurang,Diskusi
baik,baik,baik,baik,kurang,baik,kurang,baik,baik,baik,kurang,baik,baik,kurang,kurang,kurang,baik,kurang,Diskusi
baik,kurang,kurang,kurang,baik,kurang,baik,kurang,baik,baik,kurang,kurang,baik,kurang,baik,kurang,kurang,kurang,Mandiri
baik,kurang,baik,baik,kurang,baik,baik,baik,baik,baik,baik,baik,baik,baik,baik,kurang,kurang,kurang,Mandiri
baik,baik,baik,baik,baik,baik,baik,baik,baik,baik,baik,baik,baik,baik,baik,kurang,kurang,kurang,Mandiri
baik,baik,baik,baik,baik,baik,baik,baik,baik,baik,kurang,kurang,baik,kurang,baik,baik,baik,baik,Mandiri
baik,baik,baik,baik,baik,baik,baik,baik,baik,baik,baik,baik,baik,baik,baik,baik,baik,baik,Diskusi
kurang,kurang,kurang,kurang,kurang,kurang,kurang,kurang,kurang,kurang,kurang,kurang,kurang,kurang,kurang,kurang,kurang,kurang,Mandiri
baik,baik,baik,baik,baik,baik,baik,baik,baik,baik,baik,baik,baik,baik,baik,baik,baik,baik,Diskusi
baik,kurang,kurang,kurang,kurang,kurang,baik,kurang,baik,baik,baik,baik,baik,baik,baik,baik,baik,baik,Diskusi
baik,baik,baik,baik,baik,kurang,baik,baik,baik,kurang,kurang,baik,baik,baik,baik,kurang,baik,kurang,Diskusi
baik,baik,baik,baik,kurang,baik,baik,baik,baik,baik,baik,baik,baik,baik,baik,kurang,baik,baik,Diskusi
baik,baik,baik,baik,baik,baik,baik,baik,kurang,kurang,kurang,kurang,kurang,kurang,kurang,kurang,kurang,kurang,Mandiri
kurang,kurang,kurang,kurang,kurang,kurang,kurang,kurang,kurang,kurang,kurang,kurang,kurang,kurang,kurang,kurang,baik,kurang,Diskusi
baik,baik,baik,baik,baik,baik,baik,baik,baik,baik,baik,baik,baik,baik,baik,baik,baik,baik,Diskusi
kurang,kurang,kurang,kurang,kurang,kurang,kurang,kurang,kurang,kurang,kurang,baik,baik,kurang,kurang,kurang,kurang,kurang,Diskusi
baik,baik,baik,baik,baik,baik,baik,baik,baik,baik,baik,baik,baik,baik,baik,kurang,kurang,kurang,Mandiri
baik,baik,baik,baik,baik,baik,baik,baik,baik,baik,baik,baik,baik,baik,baik,baik,baik,baik,Diskusi
kurang,kurang,kurang,kurang,kurang,kurang,kurang,kurang,kurang,kurang,kurang,kurang,kurang,kurang,kurang,baik,baik,baik,Diskusi
kurang,kurang,kurang,kurang,kurang,kurang,kurang,kurang,baik,baik,baik,baik,baik,baik,baik,kurang,kurang,kurang,Diskusi
kurang,baik,baik,kurang,baik,baik,baik,baik,baik,baik,baik,baik,baik,baik,baik,kurang,kurang,kurang,Diskusi
kurang,kurang,kurang,kurang,kurang,kurang,kurang,kurang,kurang,kurang,kurang,baik,kurang,kurang,kurang,kurang,kurang,kurang,Diskusi
kurang,baik,kurang,kurang,kurang,kurang,baik,kurang,baik,baik,kurang,kurang,kurang,kurang,baik,kurang,kurang,kurang,Mandiri
kurang,kurang,kurang,kurang,kurang,kurang,kurang,kurang,kurang,kurang,kurang,kurang,kurang,kurang,kurang,kurang,baik,kurang,Diskusi
baik,baik,baik,baik,baik,baik,baik,baik,baik,baik,baik,baik,kurang,kurang,kurang,kurang,kurang,kurang,Mandiri
baik,baik,baik,baik,baik,baik,baik,baik,baik,baik,baik,baik,baik,baik,baik,kurang,baik,kurang,Diskusi
kurang,kurang,kurang,kurang,kurang,kurang,kurang,kurang,baik,baik,kurang,baik,baik,baik,baik,kurang,baik,kurang,Diskusi
baik,baik,baik,baik,baik,baik,baik,baik,baik,baik,baik,baik,baik,baik,baik,kurang,baik,kurang,Diskusi
baik,baik,baik,baik,baik,kurang,kurang,baik,baik,baik,baik,baik,baik,baik,baik,kurang,baik,kurang,Diskusi
baik,baik,baik,baik,kurang,baik,baik,baik,kurang,kurang,kurang,kurang,kurang,kurang,kurang,baik,baik,kurang,Mandiri
baik,kurang,baik,baik,kurang,baik,baik,baik,baik,baik,baik,baik,baik,baik,baik,kurang,baik,kurang,Diskusi
baik,baik,baik,baik,kurang,baik,baik,baik,baik,baik,baik,baik,baik,baik,baik,kurang,baik,baik,Diskusi
baik,baik,baik,baik,baik,baik,baik,baik,baik,baik,kurang,baik,baik,baik,baik,baik,baik,baik,Diskusi
kurang,kurang,kurang,kurang,kurang,kurang,kurang,kurang,baik,baik,kurang,baik,kurang,kurang,baik,kurang,baik,kurang,Diskusi
kurang,kurang,kurang,kurang,kurang,kurang,kurang,kurang,baik,baik,baik,baik,baik,baik,baik,kurang,baik,baik,Diskusi
baik,baik,baik,baik,baik,baik,baik,baik,baik,baik,baik,baik,baik,baik,baik,kurang,baik,kurang,Diskusi
baik,baik,baik,baik,baik,kurang,baik,baik,baik,baik,baik,baik,baik,baik,baik,kurang,kurang,kurang,Mandiri
kurang,kurang,kurang,kurang,kurang,kurang,kurang,kurang,kurang,baik,kurang,kurang,kurang,kurang,kurang,kurang,baik,kurang,Mandiri
kurang,kurang,kurang,kurang,kurang,kurang,kurang,kurang,baik,kurang,kurang,baik,baik,kurang,baik,kurang,kurang,kurang,Diskusi
baik,baik,baik,baik,kurang,baik,kurang,baik,baik,baik,baik,baik,baik,baik,baik,kurang,baik,kurang,Diskusi
baik,baik,baik,baik,kurang,kurang,baik,baik,baik,baik,baik,baik,baik,baik,baik,kurang,baik,kurang,Mandiri
baik,baik,baik,baik,baik,baik,baik,baik,baik,baik,kurang,kurang,kurang,kurang,baik,kurang,baik,baik,Mandiri
baik,baik,baik,baik,baik,baik,baik,baik,baik,baik,kurang,baik,kurang,kurang,baik,kurang,baik,kurang,Mandiri
kurang,kurang,kurang,kurang,kurang,baik,kurang,kurang,kurang,kurang,kurang,kurang,kurang,kurang,kurang,kurang,kurang,kurang,Diskusi
baik,baik,baik,baik,baik,baik,baik,baik,baik,baik,baik,baik,baik,baik,baik,baik,baik,baik,Diskusi
kurang,kurang,kurang,kurang,kurang,kurang,kurang,kurang,baik,baik,kurang,baik,kurang,kurang,baik,baik,baik,baik,Diskusi
kurang,kurang,kurang,kurang,kurang,kurang,kurang,kurang,kurang,kurang,kurang,kurang,kurang,kurang,kurang,kurang,baik,kurang,Diskusi
baik,baik,baik,baik,baik,baik,kurang,baik,baik,baik,kurang,baik,baik,baik,kurang,baik,baik,baik,Diskusi
baik,baik,baik,baik,baik,kurang,baik,baik,baik,baik,baik,baik,baik,baik,baik,kurang,baik,baik,Diskusi
baik,baik,baik,kurang,kurang,baik,baik,baik,baik,baik,kurang,baik,baik,baik,baik,baik,baik,baik,Diskusi
baik,baik,baik,baik,baik,baik,baik,baik,kurang,baik,kurang,kurang,kurang,kurang,baik,baik,baik,baik,Mandiri
baik,baik,baik,baik,baik,baik,baik,baik,baik,baik,kurang,kurang,baik,baik,baik,baik,baik,baik,Mandiri
kurang,kurang,kurang,kurang,kurang,kurang,kurang,kurang,baik,baik,baik,baik,baik,baik,baik,baik,baik,baik,Diskusi
baik,baik,baik,baik,baik,baik,kurang,baik,kurang,kurang,kurang,kurang,kurang,kurang,kurang,kurang,baik,baik,Diskusi
kurang,kurang,kurang,kurang,kurang,kurang,kurang,kurang,baik,baik,kurang,baik,baik,baik,baik,baik,baik,baik,Diskusi
kurang,kurang,kurang,kurang,kurang,kurang,kurang,kurang,baik,baik,baik,baik,baik,baik,baik,baik,baik,baik,Diskusi
baik,baik,baik,kurang,baik,baik,baik,baik,baik,baik,kurang,baik,baik,kurang,baik,baik,baik,kurang,Diskusi
kurang,kurang,kurang,kurang,kurang,kurang,kurang,kurang,kurang,kurang,kurang,kurang,kurang,kurang,kurang,kurang,kurang,kurang,Mandiri
baik,baik,baik,baik,baik,baik,baik,baik,kurang,kurang,kurang,baik,kurang,kurang,baik,baik,baik,baik,Mandiri
kurang,kurang,kurang,kurang,kurang,kurang,kurang,kurang,kurang,baik,kurang,baik,kurang,kurang,kurang,kurang,kurang,kurang,Mandiri
kurang,kurang,kurang,kurang,kurang,kurang,kurang,kurang,baik,baik,baik,baik,baik,baik,baik,baik,baik,baik,Diskusi
kurang,baik,baik,kurang,kurang,baik,kurang,kurang,baik,baik,kurang,kurang,kurang,kurang,kurang,kurang,kurang,kurang,Diskusi
baik,baik,baik,baik,baik,baik,baik,baik,baik,baik,kurang,kurang,baik,kurang,baik,kurang,kurang,kurang,Mandiri
baik,baik,baik,baik,baik,baik,baik,baik,baik,baik,kurang,baik,baik,baik,kurang,kurang,kurang,kurang,Mandiri
kurang,kurang,kurang,kurang,kurang,kurang,kurang,kurang,kurang,kurang,kurang,kurang,baik,kurang,baik,kurang,kurang,kurang,Mandiri
kurang,kurang,kurang,kurang,kurang,kurang,kurang,kurang,baik,baik,baik,baik,baik,baik,baik,kurang,baik,baik,Diskusi
kurang,kurang,kurang,kurang,kurang,kurang,kurang,kurang,baik,baik,baik,baik,baik,baik,baik,baik,baik,kurang,Diskusi
baik,baik,baik,baik,kurang,kurang,baik,baik,baik,baik,kurang,baik,baik,baik,kurang,kurang,baik,baik,Diskusi
kurang,baik,kurang,kurang,baik,baik,baik,baik,kurang,baik,kurang,baik,kurang,kurang,kurang,baik,baik,baik,Diskusi
kurang,kurang,kurang,kurang,kurang,kurang,kurang,kurang,baik,baik,kurang,baik,kurang,kurang,baik,kurang,baik,kurang,Diskusi
kurang,kurang,kurang,kurang,kurang,kurang,kurang,kurang,kurang,baik,kurang,baik,baik,kurang,kurang,baik,baik,baik,Diskusi
kurang,baik,baik,kurang,baik,kurang,kurang,kurang,baik,baik,baik,baik,baik,baik,baik,baik,baik,kurang,Diskusi
kurang,kurang,kurang,kurang,kurang,kurang,kurang,kurang,baik,baik,baik,baik,baik,baik,baik,kurang,baik,kurang,Diskusi
kurang,kurang,kurang,kurang,kurang,kurang,kurang,kurang,baik,baik,baik,baik,baik,baik,baik,baik,baik,baik,Diskusi
baik,baik,baik,baik,baik,baik,baik,baik,kurang,kurang,kurang,baik,kurang,kurang,baik,baik,baik,baik,Mandiri
baik,baik,baik,baik,baik,baik,baik,baik,baik,baik,kurang,kurang,kurang,kurang,baik,baik,baik,baik,Mandiri
baik,baik,baik,baik,baik,baik,baik,baik,baik,baik,baik,baik,baik,baik,baik,baik,baik,baik,Diskusi
kurang,kurang,kurang,kurang,kurang,kurang,kurang,kurang,baik,baik,baik,baik,baik,baik,baik,kurang,kurang,kurang,Diskusi
baik,baik,baik,baik,baik,baik,baik,baik,kurang,baik,kurang,kurang,baik,baik,kurang,kurang,kurang,kurang,Mandiri
baik,kurang,baik,baik,baik,baik,baik,baik,baik,baik,baik,baik,baik,baik,baik,kurang,baik,baik,Diskusi
baik,baik,baik,baik,baik,baik,kurang,baik,baik,baik,baik,baik,baik,baik,baik,baik,baik,baik,Diskusi
baik,baik,baik,baik,baik,baik,baik,baik,baik,baik,baik,baik,baik,baik,baik,baik,baik,kurang,Mandiri
baik,baik,baik,baik,baik,baik,baik,baik,baik,baik,kurang,baik,kurang,kurang,baik,kurang,baik,kurang,Mandiri
kurang,kurang,kurang,kurang,kurang,kurang,kurang,kurang,baik,baik,baik,baik,baik,baik,baik,baik,baik,baik,Diskusi
baik,baik,baik,baik,baik,baik,baik,baik,baik,baik,kurang,baik,baik,kurang,kurang,baik,baik,baik,Mandiri
kurang,kurang,kurang,kurang,kurang,kurang,kurang,kurang,kurang,kurang,kurang,kurang,kurang,kurang,kurang,kurang,baik,kurang,Diskusi
kurang,kurang,kurang,kurang,kurang,kurang,kurang,kurang,kurang,kurang,kurang,kurang,kurang,kurang,kurang,baik,baik,baik,Diskusi
kurang,kurang,kurang,kurang,kurang,kurang,kurang,kurang,kurang,kurang,kurang,kurang,kurang,kurang,kurang,baik,baik,baik,Diskusi
kurang,kurang,kurang,kurang,kurang,kurang,kurang,kurang,kurang,kurang,kurang,kurang,kurang,kurang,kurang,kurang,kurang,kurang,Mandiri
kurang,baik,baik,kurang,kurang,kurang,kurang,kurang,kurang,kurang,kurang,kurang,kurang,kurang,kurang,kurang,baik,kurang,Diskusi
baik,baik,baik,baik,baik,baik,kurang,baik,baik,baik,baik,baik,baik,baik,baik,baik,baik,baik,Diskusi
baik,baik,baik,baik,baik,baik,baik,baik,kurang,kurang,kurang,kurang,kurang,kurang,kurang,kurang,baik,kurang,Mandiri
kurang,baik,baik,kurang,baik,kurang,kurang,baik,baik,baik,kurang,kurang,baik,baik,kurang,baik,baik,baik,Diskusi
baik,baik,baik,baik,baik,kurang,baik,baik,baik,baik,baik,baik,baik,baik,baik,kurang,baik,baik,Diskusi
kurang,baik,kurang,kurang,baik,kurang,kurang,kurang,baik,baik,baik,baik,baik,baik,baik,kurang,kurang,kurang,Diskusi
kurang,kurang,kurang,kurang,kurang,kurang,kurang,kurang,kurang,kurang,kurang,kurang,kurang,kurang,kurang,kurang,kurang,kurang,Mandiri
kurang,kurang,kurang,kurang,kurang,kurang,kurang,kurang,baik,baik,baik,baik,baik,baik,baik,kurang,kurang,kurang,Diskusi
baik,baik,baik,baik,kurang,baik,baik,baik,baik,baik,baik,baik,baik,kurang,kurang,baik,baik,baik,Mandiri
kurang,kurang,kurang,kurang,baik,kurang,kurang,kurang,baik,baik,baik,baik,baik,baik,baik,baik,baik,kurang,Diskusi
baik,baik,baik,baik,kurang,baik,kurang,baik,baik,baik,baik,baik,baik,baik,baik,baik,baik,baik,Diskusi
kurang,baik,baik,kurang,kurang,kurang,baik,kurang,baik,baik,kurang,baik,baik,kurang,baik,baik,baik,baik,Diskusi
kurang,kurang,kurang,kurang,kurang,kurang,kurang,kurang,baik,baik,baik,baik,baik,baik,baik,baik,baik,baik,Diskusi
kurang,kurang,kurang,kurang,baik,baik,kurang,kurang,kurang,kurang,kurang,kurang,kurang,kurang,kurang,kurang,kurang,kurang,Diskusi
kurang,kurang,kurang,kurang,kurang,baik,baik,kurang,kurang,kurang,kurang,kurang,kurang,kurang,kurang,kurang,kurang,kurang,Mandiri
baik,baik,baik,baik,baik,baik,baik,baik,baik,baik,baik,baik,baik,baik,baik,kurang,baik,baik,Mandiri
baik,baik,baik,kurang,kurang,baik,kurang,baik,kurang,kurang,kurang,kurang,kurang,kurang,kurang,kurang,baik,baik,Diskusi
baik,baik,baik,baik,kurang,baik,baik,baik,baik,baik,kurang,baik,kurang,kurang,baik,baik,baik,baik,Diskusi
baik,baik,baik,baik,baik,baik,kurang,kurang,baik,baik,baik,baik,baik,baik,baik,kurang,kurang,kurang,Diskusi
kurang,kurang,kurang,kurang,kurang,kurang,kurang,kurang,kurang,kurang,kurang,kurang,kurang,kurang,kurang,kurang,kurang,kurang,Mandiri
kurang,kurang,kurang,kurang,kurang,kurang,kurang,kurang,kurang,kurang,kurang,kurang,kurang,kurang,kurang,kurang,kurang,kurang,Mandiri
kurang,kurang,kurang,kurang,kurang,baik,kurang,kurang,baik,baik,kurang,kurang,kurang,kurang,baik,kurang,kurang,kurang,Diskusi
baik,baik,baik,baik,baik,baik,baik,baik,baik,baik,baik,baik,baik,baik,baik,kurang,kurang,kurang,Mandiri
kurang,kurang,kurang,kurang,kurang,kurang,kurang,kurang,baik,baik,baik,baik,baik,baik,baik,baik,baik,baik,Diskusi
baik,baik,baik,baik,baik,baik,baik,baik,kurang,kurang,kurang,kurang,kurang,kurang,kurang,baik,baik,baik,Mandiri
baik,baik,baik,baik,baik,kurang,kurang,baik,baik,baik,baik,baik,baik,baik,baik,baik,baik,kurang,Mandiri
baik,baik,baik,baik,baik,baik,baik,baik,baik,baik,baik,baik,baik,baik,baik,baik,baik,baik,Diskusi
baik,baik,baik,baik,baik,baik,baik,baik,baik,baik,baik,baik,baik,baik,baik,kurang,kurang,kurang,Mandiri
kurang,baik,kurang,kurang,baik,kurang,kurang,kurang,kurang,kurang,kurang,kurang,baik,kurang,kurang,baik,baik,baik,Diskusi
baik,baik,baik,baik,kurang,kurang,kurang,baik,baik,kurang,kurang,baik,kurang,kurang,baik,baik,baik,baik,Diskusi
kurang,kurang,kurang,kurang,kurang,kurang,kurang,kurang,baik,baik,kurang,baik,baik,baik,baik,kurang,baik,kurang,Diskusi
kurang,kurang,kurang,kurang,kurang,kurang,kurang,kurang,baik,baik,baik,baik,baik,baik,baik,kurang,kurang,kurang,Diskusi
baik,baik,baik,baik,kurang,baik,kurang,baik,baik,baik,baik,baik,baik,baik,baik,baik,baik,baik,Diskusi
baik,baik,baik,baik,baik,baik,baik,baik,baik,baik,baik,baik,kurang,kurang,baik,baik,baik,baik,Mandiri
baik,baik,baik,baik,baik,baik,baik,baik,kurang,baik,kurang,baik,kurang,kurang,baik,kurang,kurang,kurang,Mandiri
baik,baik,baik,baik,baik,baik,baik,baik,baik,baik,baik,baik,baik,baik,baik,kurang,baik,kurang,Diskusi
kurang,kurang,kurang,kurang,kurang,kurang,kurang,kurang,baik,baik,kurang,baik,baik,baik,baik,kurang,baik,kurang,Diskusi
kurang,kurang,kurang,kurang,kurang,kurang,kurang,kurang,kurang,baik,kurang,kurang,baik,baik,kurang,kurang,baik,kurang,Diskusi
baik,baik,baik,baik,baik,baik,baik,baik,kurang,baik,kurang,baik,kurang,kurang,baik,kurang,baik,kurang,Mandiri
kurang,baik,baik,kurang,baik,kurang,kurang,kurang,baik,baik,baik,baik,baik,baik,baik,kurang,kurang,kurang,Diskusi
baik,baik,baik,baik,kurang,baik,baik,baik,baik,baik,baik,baik,kurang,kurang,baik,baik,baik,baik,Mandiri
kurang,kurang,kurang,kurang,kurang,kurang,baik,baik,kurang,kurang,kurang,kurang,kurang,kurang,kurang,baik,baik,baik,Mandiri
kurang,baik,kurang,kurang,kurang,kurang,kurang,kurang,kurang,kurang,kurang,kurang,kurang,kurang,kurang,kurang,baik,baik,Diskusi
kurang,kurang,kurang,kurang,kurang,kurang,kurang,kurang,kurang,kurang,kurang,kurang,kurang,kurang,kurang,baik,baik,baik,Diskusi
kurang,kurang,kurang,kurang,kurang,kurang,kurang,kurang,baik,baik,baik,baik,baik,baik,baik,kurang,baik,kurang,Diskusi
baik,baik,baik,baik,baik,baik,baik,baik,kurang,kurang,kurang,kurang,kurang,kurang,kurang,baik,baik,kurang,Mandiri
kurang,kurang,kurang,kurang,kurang,kurang,kurang,kurang,baik,baik,baik,baik,baik,baik,baik,kurang,baik,kurang,Diskusi
kurang,kurang,kurang,kurang,kurang,baik,kurang,kurang,kurang,baik,kurang,kurang,kurang,kurang,baik,baik,baik,baik,Diskusi
